user_id,full_name,email,phone,level
1,Козлова Ирина Ефимовна,visheslavzinovev@example.org,8 (196) 001-3389,обычный
2,Лазарев Трифон Федосеевич,prohorsafonov@example.com,+7 265 423 5116,обычный
3,Сазонов Мечислав Евсеевич,artemevaoksana@example.net,+7 618 495 93 10,обычный
4,Мамонтова Кира Артемовна,varlaamshcherbakov@example.com,8 (525) 534-19-28,обычный
5,Сорокина Октябрина Мироновна,alla83@example.net,8 030 564 1395,обычный
6,Чернов Николай Фокич,ivannakudrjavtseva@example.org,8 (849) 696-5328,обычный
7,г-н Самойлов Венедикт Витальевич,nataljakirillova@example.org,8 697 848 01 84,премиум
8,Лукия Вадимовна Анисимова,dveselov@example.org,+78281489325,обычный
9,София Станиславовна Русакова,moiseevalidija@example.com,+7 154 303 9117,обычный
10,Синклитикия Владимировна Гусева,uljan1979@example.net,86383465787,обычный
11,Цветков Арсений Игоревич,safonovataisija@example.org,83010310518,обычный
12,Агафонов Святослав Гордеевич,vlas_2010@example.net,87376311656,обычный
13,Аполлинарий Бориславович Семенов,varhipova@example.org,+7 (338) 726-2473,обычный
14,Анжела Павловна Константинова,valerjan_1972@example.net,+7 132 677 3602,обычный
15,Никита Евсеевич Гущин,konon1993@example.net,8 (723) 430-9805,обычный
16,Логинов Самсон Юлианович,gleb_1973@example.net,+7 219 136 19 39,обычный
17,Орехова Анжелика Николаевна,luka_2022@example.org,8 346 247 5107,обычный
18,Воронцова Антонина Анатольевна,ermil_1998@example.org,8 135 427 8498,обычный
19,Зыков Фадей Ефимович,subbotinvsevolod@example.com,+7 182 449 35 34,премиум
20,Максимова Алла Богдановна,rfedoseeva@example.org,+7 524 278 6801,обычный
21,Доронин Геннадий Алексеевич,fortunat_82@example.com,+7 (045) 053-31-58,премиум
22,Надежда Яковлевна Дементьева,zhannaknjazeva@example.org,+7 (602) 563-42-16,обычный
23,Олимпиада Дмитриевна Медведева,mili1987@example.org,+7 (036) 541-4586,обычный
24,Одинцова Синклитикия Леоновна,andreevaivanna@example.org,84019655698,обычный
25,Мясников Флорентин Геннадиевич,anike60@example.net,8 (356) 159-5148,премиум
26,Осип Зиновьевич Маслов,fade23@example.com,8 299 468 04 43,обычный
27,Фока Захарьевич Абрамов,prov2008@example.net,8 (214) 895-13-43,обычный
28,Вероника Алексеевна Соловьева,savelikostin@example.org,8 (693) 676-32-01,обычный
29,Елена Вячеславовна Брагина,rostislav_1972@example.org,+7 727 889 57 98,премиум
30,Трофим Филатович Самсонов,olimpiadasaveleva@example.com,+7 (487) 347-1434,обычный
31,Тимур Артурович Кудрявцев,elizavetablinova@example.net,+7 (316) 658-76-03,премиум
32,Мария Харитоновна Блохина,gordeevauljana@example.com,8 (054) 668-89-37,обычный
33,Кудряшов Святослав Аксёнович,qmuravev@example.net,8 272 980 69 90,обычный
34,Котов Всемил Фомич,allaosipova@example.com,8 375 564 6417,премиум
35,Потапов Антонин Иларионович,arhipguljaev@example.net,+7 033 092 3271,обычный
36,Рябова Октябрина Ждановна,guri_99@example.net,+7 241 904 96 63,обычный
37,Пахомов Илья Бориславович,elizaveta91@example.net,+7 586 518 5067,премиум
38,Кондратьев Митофан Фокич,ninaborisova@example.net,8 (498) 776-9453,обычный
39,Анна Игоревна Бобылева,ilja2012@example.net,86507527354,премиум
40,Эдуард Елизарович Наумов,miheevaevdokija@example.org,+7 (678) 377-7014,обычный
41,Шубин Илья Ефремович,savvati_88@example.com,8 855 744 43 13,обычный
42,Терентий Гаврилович Григорьев,svjatopolkegorov@example.net,88941343524,обычный
43,Лукин Владлен Елизарович,turovaalla@example.net,+72710947775,обычный
44,Зайцев Ипполит Харлампович,birjukovartemi@example.com,8 (190) 229-41-31,обычный
45,Аксенова Элеонора Эльдаровна,stanimirshcherbakov@example.com,8 (496) 499-09-13,обычный
46,Белоусова Анжелика Валериевна,dementizhdanov@example.org,+7 (067) 974-03-44,обычный
47,Панова Анжела Евгеньевна,jaroslav93@example.com,+7 832 421 02 49,обычный
48,Татьяна Ильинична Быкова,abramovlazar@example.net,8 488 771 90 65,обычный
49,Козлова Анна Евгеньевна,fadeevairaida@example.net,+7 278 742 9671,обычный
50,Осип Игнатьевич Марков,gordeevgostomisl@example.com,8 746 807 15 45,обычный
51,Мамонтов Олимпий Якубович,prohorovasofija@example.com,8 038 597 70 34,обычный
52,Гущина Ия Павловна,vitali1971@example.net,83248086131,обычный
53,Викторин Витальевич Чернов,simon46@example.com,8 (378) 263-98-21,обычный
54,Павел Измаилович Колобов,karl_2016@example.com,+79972787558,премиум
55,Марина Робертовна Тетерина,evgeni_39@example.com,+7 (605) 766-2702,обычный
56,Капустина Лора Болеславовна,varlaam1999@example.com,+7 262 174 5961,обычный
57,Синклитикия Мироновна Пестова,jaroslav_78@example.org,81343161172,обычный
58,Лихачева Алевтина Аскольдовна,apollon_45@example.com,8 238 692 22 19,обычный
59,Юлия Егоровна Чернова,elizavetasuvorova@example.net,+77407482175,обычный
60,Клавдия Олеговна Пахомова,ratibor43@example.com,8 (136) 959-44-06,обычный
61,Феофан Анисимович Сысоев,konon2013@example.org,85339421047,премиум
62,Громов Влас Бенедиктович,makar62@example.org,+7 (858) 842-47-45,обычный
63,Октябрина Анатольевна Баранова,nikonmerkushev@example.net,8 160 481 7549,обычный
64,Мокей Борисович Муравьев,savvakozlov@example.net,8 (593) 174-6120,обычный
65,Клавдия Святославовна Андреева,frolovtimofe@example.org,8 758 692 61 79,премиум
66,Климент Александрович Пахомов,erofe_77@example.org,8 158 506 4317,обычный
67,Соболев Эдуард Адамович,ustinovalora@example.org,+7 (931) 839-33-52,обычный
68,Фёкла Александровна Егорова,vasilisapotapova@example.com,+7 (102) 053-95-02,обычный
69,Владлен Федосеевич Назаров,kononovarseni@example.com,8 (589) 178-39-08,обычный
70,Амвросий Ануфриевич Архипов,rkrasilnikov@example.org,8 (711) 592-12-49,обычный
71,Хохлова Лидия Мироновна,kuprijan_1995@example.net,8 118 367 36 57,обычный
72,Валентин Жанович Котов,viktorija_45@example.org,8 (111) 161-52-80,премиум
73,Шилова Тамара Леоновна,tihonovmina@example.net,8 049 451 98 32,премиум
74,Цветкова Валентина Макаровна,modest_1976@example.com,83689980940,обычный
75,Филатов Леонид Игоревич,averjan_22@example.net,8 120 183 66 75,обычный
76,Никифоров Любосмысл Архипович,stepanovagalina@example.net,+7 147 679 7643,обычный
77,Валерия Макаровна Горбунова,bobrovhristofor@example.com,8 (403) 690-0343,премиум
78,Зоя Кирилловна Большакова,ivanovserge@example.net,8 226 838 85 16,обычный
79,Алина Оскаровна Соколова,bazhen2018@example.net,8 966 416 05 29,обычный
80,Митофан Афанасьевич Кудряшов,nikolaevpolikarp@example.net,8 816 453 52 18,обычный
81,Лобанова Раиса Георгиевна,mili_23@example.org,+7 (432) 921-27-79,обычный
82,Нонна Феликсовна Носкова,agata_52@example.com,+7 774 490 58 14,обычный
83,Андрей Антонович Фомин,bazhen19@example.net,8 (679) 807-9359,обычный
84,Георгий Ануфриевич Савельев,kornilovmefodi@example.net,+7 820 377 88 92,премиум
85,Кондрат Терентьевич Исаков,evfrosinija_90@example.net,8 151 864 4925,обычный
86,Нестеров Вячеслав Иларионович,valerija62@example.net,+7 486 528 16 85,обычный
87,Никифоров Дмитрий Гордеевич,tamara_73@example.org,+7 (214) 188-80-59,премиум
88,Мельников Герасим Владиславович,julijakornilova@example.org,8 (065) 379-47-38,обычный
89,Меркушев Рюрик Георгиевич,evfrosinija_97@example.com,+76886239240,обычный
90,Уварова Маргарита Тимуровна,kulakovsofron@example.org,+71247826137,обычный
91,Алевтина Николаевна Зайцева,xnovikova@example.org,8 153 051 52 20,обычный
92,Савва Викентьевич Мишин,prohor2004@example.org,+7 432 898 6143,обычный
93,Анисим Демидович Гаврилов,arseni1976@example.com,88089324609,обычный
94,Филимон Фёдорович Герасимов,nazarovmiroslav@example.org,8 (888) 806-7065,обычный
95,Аггей Ильясович Устинов,konovalovilarion@example.net,+7 952 058 52 77,обычный
96,Корнилова Вера Афанасьевна,anatoli1986@example.org,+7 (054) 868-7403,обычный
97,Анисим Игнатович Дорофеев,lavrentevmodest@example.com,8 765 277 58 41,премиум
98,Федорова Нина Юльевна,sofijaanisimova@example.com,+7 154 479 62 75,обычный
99,Милован Феодосьевич Егоров,vorobevamilitsa@example.com,8 (202) 970-2135,премиум
100,Ферапонт Александрович Елисеев,nonnablohina@example.com,8 719 285 6543,премиум
101,Алевтина Геннадиевна Чернова,nikanor_2021@example.org,+74739473121,обычный
102,Прокл Афанасьевич Корнилов,galina_51@example.net,8 (442) 258-3132,обычный
103,Горшков Александр Иосипович,filipp_1990@example.net,+7 (911) 467-86-69,обычный
104,Лыткин Лукьян Артёмович,ruben2008@example.com,+7 (892) 268-01-82,обычный
105,Гостомысл Захарьевич Колобов,milanblohin@example.net,+71438424981,обычный
106,Романова Феврония Харитоновна,glafiraprohorova@example.net,85900109439,обычный
107,Амвросий Эдуардович Белозеров,kornil_2006@example.com,8 (364) 710-27-67,обычный
108,Матвей Викторович Веселов,natalja_56@example.org,8 881 537 1473,обычный
109,Васильев Корнил Теймуразович,kchernov@example.com,85327877470,обычный
110,Карпов Силантий Фокич,ermolaloginov@example.com,+7 047 974 8016,премиум
111,Белоусов Михей Трофимович,anikita_60@example.net,8 (358) 416-8784,премиум
112,Юлия Юрьевна Ковалева,antoninakarpova@example.com,8 852 398 6800,обычный
113,Кулаков Мариан Харламович,ratibor_1978@example.net,+7 (595) 269-49-58,обычный
114,Синклитикия Рудольфовна Рогова,saveli05@example.com,+7 694 097 49 93,обычный
115,Логинова Ольга Викторовна,agafja_2010@example.com,+7 (309) 130-75-62,премиум
116,Елизар Фадеевич Овчинников,nina2011@example.net,+7 (838) 578-65-27,премиум
117,Лукия Тимофеевна Казакова,julian73@example.org,+78434437575,обычный
118,Колобова Ирина Ильинична,drozdovtihon@example.com,8 524 041 57 47,обычный
119,Шарапов Тимофей Егорович,irina_1985@example.org,89330833016,обычный
120,Савва Бориславович Федосеев,agatasilina@example.net,+7 (677) 345-40-19,обычный
121,Гришин Андрей Всеволодович,lustinova@example.org,8 724 004 99 15,обычный
122,Тихон Эдгарович Белозеров,praskovjaabramova@example.com,+7 (152) 742-0549,обычный
123,Григорьева Дарья Юрьевна,blarionova@example.net,8 161 227 5304,обычный
124,Прокофий Евстигнеевич Пестов,ladislav_99@example.org,+75301742684,обычный
125,Кабанова Кира Максимовна,efimkondratev@example.org,8 (279) 568-78-33,обычный
126,Кириллова Анжелика Станиславовна,stojan2009@example.org,81088398225,обычный
127,Нинель Вадимовна Федосеева,fortunatemeljanov@example.org,8 (707) 286-7908,обычный
128,Леон Адамович Афанасьев,avde39@example.org,+7 651 801 7046,премиум
129,Кузьмин Пантелеймон Марсович,ysamsonov@example.com,+7 825 128 68 23,премиум
130,Акулина Кузьминична Суворова,paramon_2000@example.org,+7 (752) 431-0690,премиум
131,Виноградов Варлаам Александрович,emmanuil2007@example.org,+7 (067) 383-0284,обычный
132,Фомичев Фирс Жоресович,izot_42@example.net,8 (364) 408-9268,обычный
133,тов. Фокин Наум Жоресович,jzikov@example.com,8 287 334 27 08,премиум
134,Панкратий Венедиктович Колесников,irakliershov@example.com,+7 751 830 46 99,премиум
135,Богданов Евгений Григорьевич,emeljan2019@example.com,+70331739363,обычный
136,Носова Ия Мироновна,tvorimir2006@example.com,+75877175355,обычный
137,Феоктист Гурьевич Гришин,akulinaosipova@example.net,89642353693,обычный
138,тов. Сидоров Селиван Эдгардович,david2011@example.com,+7 (287) 280-80-10,обычный
139,Надежда Валентиновна Одинцова,artemrogov@example.org,+7 387 509 9770,обычный
140,Жданов Остап Авдеевич,lobanovairina@example.net,+70862118233,обычный
141,Максимова Людмила Ивановна,xjakovlev@example.com,8 (933) 410-16-66,обычный
142,Павлова Агафья Викторовна,chernovplaton@example.net,8 918 033 9740,обычный
143,Ирина Тимофеевна Воронцова,borisovalarisa@example.org,+7 (926) 142-9396,обычный
144,Потапова Лора Натановна,anzhelikaovchinnikova@example.net,8 016 315 9996,премиум
145,Лидия Алексеевна Калашникова,radim73@example.com,8 (662) 961-9431,обычный
146,Степанов Натан Витальевич,xkalashnikov@example.org,+7 047 541 21 26,обычный
147,Федор Якубович Исаков,kozlovbronislav@example.com,8 (199) 560-4661,обычный
148,Шилова Зинаида Филипповна,david_2008@example.org,+7 (444) 721-26-46,обычный
149,Бажен Иосипович Максимов,jaroslavgorshkov@example.net,83712406596,обычный
150,Лора Павловна Миронова,plapina@example.net,+7 (459) 375-26-54,обычный
151,Калашникова Пелагея Филипповна,ljubosmislmelnikov@example.com,8 519 398 28 07,премиум
152,Евфросиния Павловна Лаврентьева,ivanna16@example.net,8 (243) 426-61-79,обычный
153,Олег Юльевич Стрелков,cmakarova@example.com,8 (911) 352-9096,обычный
154,Лора Оскаровна Киселева,komarovaivanna@example.org,8 (889) 937-5679,обычный
155,Алексеева Любовь Алексеевна,vasili1986@example.org,+7 254 573 87 57,обычный
156,Молчанов Радислав Жоресович,petuhovanike@example.net,+7 051 238 28 25,обычный
157,Кондратьева Октябрина Евгеньевна,lbobrova@example.org,8 609 379 66 03,обычный
158,Ситников Арсений Бориславович,dorofe_1990@example.org,8 (147) 859-69-69,обычный
159,Казаков Ратмир Всеволодович,juri91@example.net,+7 (513) 412-52-86,обычный
160,Всеслав Теймуразович Родионов,pelagejakalashnikova@example.net,+7 (827) 422-57-90,обычный
161,Агафья Рудольфовна Кузьмина,nestorsilin@example.net,8 (767) 677-2190,обычный
162,Елена Кирилловна Морозова,zinovi84@example.org,8 (978) 819-14-85,обычный
163,Симонова Алина Павловна,erofe_2025@example.org,+7 (407) 451-7133,обычный
164,Феврония Макаровна Самойлова,nsuhanov@example.org,+7 (309) 584-9825,премиум
165,Кира Кирилловна Дроздова,sofon12@example.com,+7 422 325 3672,премиум
166,Федотова Наина Мироновна,afinogen2005@example.org,8 845 775 90 17,обычный
167,Игнатова Людмила Афанасьевна,nikon_1982@example.com,+7 (745) 458-9297,обычный
168,Алла Аскольдовна Комарова,agge1977@example.org,8 (706) 324-24-15,обычный
169,Мокей Владленович Зайцев,tegorova@example.net,+7 (611) 037-1293,обычный
170,Зуева Агафья Андреевна,vissarion_62@example.com,+7 361 115 54 26,обычный
171,Вера Вениаминовна Виноградова,feoktist_1970@example.net,+7 (753) 269-73-11,премиум
172,Ильин Харитон Теймуразович,pahom_52@example.org,+71389994043,обычный
173,Панфилова Евдокия Никифоровна,anzhela03@example.com,8 137 918 05 52,обычный
174,Филарет Федосеевич Громов,elena_1979@example.com,+7 091 043 00 68,обычный
175,Сидор Фёдорович Родионов,osergeev@example.net,8 (924) 141-8328,премиум
176,Фрол Арсенович Никифоров,ptrofimova@example.org,+7 (161) 799-0421,обычный
177,Кудрявцев Автоном Владиславович,milan1999@example.net,+72524105648,обычный
178,Кулаков Флорентин Артемьевич,ratibor1998@example.org,8 (925) 241-91-38,обычный
179,Гордеев Агап Демьянович,voronovamaja@example.com,+7 (208) 635-36-54,обычный
180,Ульяна Максимовна Ковалева,evgenija_2020@example.org,+7 (806) 174-4518,обычный
181,Модест Германович Калинин,nonna93@example.com,8 973 832 0603,обычный
182,Калашникова Агафья Леоновна,mishinamarina@example.net,+71383670241,обычный
183,Жуков Спиридон Фадеевич,ratmir_19@example.org,8 (261) 990-6234,премиум
184,Лука Тимурович Филатов,lukjan_74@example.org,+7 329 121 27 75,обычный
185,Терентий Ильясович Силин,radislavtimofeev@example.com,+71124903521,обычный
186,Меркушева Людмила Никифоровна,antip_2008@example.com,+7 (067) 883-17-12,обычный
187,Семенов Ефрем Васильевич,olegdavidov@example.net,+7 994 101 37 21,премиум
188,Лора Васильевна Волкова,antip1979@example.net,8 670 662 53 24,обычный
189,Геннадий Александрович Горбачев,lavrchernov@example.com,8 (701) 462-6383,обычный
190,Брагина София Архиповна,tsafonova@example.com,8 (875) 985-64-20,обычный
191,Ефим Аксёнович Самсонов,arefi78@example.com,83213348039,обычный
192,Мария Матвеевна Колобова,darjafrolova@example.net,8 590 599 2937,обычный
193,Захарова Пелагея Антоновна,pavlovigor@example.net,+7 (087) 059-3252,обычный
194,Лидия Аркадьевна Лебедева,fevronijakrjukova@example.org,+7 851 569 15 45,премиум
195,Яковлев Поликарп Чеславович,demid_89@example.com,+7 (926) 442-2096,обычный
196,Татьяна Антоновна Королева,juli_39@example.org,8 (251) 355-21-57,премиум
197,Никитин Ипат Арсеньевич,isa_10@example.org,8 762 676 58 61,обычный
198,Ульяна Дмитриевна Сорокина,afanasi2015@example.org,+70541152621,обычный
199,Самсонова Анна Львовна,ksenija1971@example.net,+7 (962) 015-33-68,премиум
200,Артемьева София Захаровна,lavrenti31@example.org,8 987 205 06 14,премиум
201,Фёкла Романовна Медведева,kozlovelise@example.org,+71714677418,премиум
202,Моисей Тарасович Фомин,nonnasoloveva@example.com,8 (743) 490-21-15,премиум
203,Надежда Эдуардовна Данилова,arkadi_2017@example.net,8 879 374 16 08,премиум
204,Михеева Ульяна Яковлевна,varvaraseliverstova@example.com,+7 (233) 206-16-32,обычный
205,Иванна Кузьминична Сысоева,beljaevnikanor@example.net,8 854 870 99 86,обычный
206,Алексеев Гедеон Бориславович,vorontsovvarlaam@example.com,8 (564) 679-9702,обычный
207,Гаврила Трифонович Петров,vbragina@example.net,+7 (074) 505-4447,обычный
208,Антонина Евгеньевна Кузьмина,oktjabrina75@example.com,8 913 736 78 50,обычный
209,Яковлева Ангелина Константиновна,olimpi_1977@example.net,80233030705,обычный
210,Егорова Маргарита Рубеновна,nikon_2005@example.org,+7 357 972 7985,премиум
211,Исидор Бенедиктович Бобров,blinovaalla@example.org,83333468007,обычный
212,Дарья Эльдаровна Брагина,tsvetkovazoja@example.net,+74665743748,обычный
213,Марфа Харитоновна Орлова,panfilovamargarita@example.net,89441715454,обычный
214,Лаврентий Геннадиевич Алексеев,taisija_1983@example.org,86520744666,обычный
215,Логинова Ульяна Георгиевна,marfa_38@example.net,8 (584) 282-41-72,премиум
216,Владимирова Тамара Геннадиевна,valerija_13@example.com,+7 (465) 549-4717,премиум
217,Калашников Фортунат Артёмович,evlampi1998@example.net,8 846 022 35 69,обычный
218,Оксана Вениаминовна Веселова,anzhelikamartinova@example.com,+7 (500) 743-29-27,обычный
219,Анна Владимировна Горбачева,bkalinina@example.com,8 760 083 50 58,обычный
220,Ларионов Аверкий Денисович,mechislavnikiforov@example.org,+7 689 421 04 47,обычный
221,Кириллова Светлана Львовна,rlavrenteva@example.org,8 753 260 3323,премиум
222,Сафонова Прасковья Викторовна,gromovandre@example.com,+78909010016,обычный
223,Владилен Димитриевич Мухин,evfrosinijashubina@example.net,+7 461 849 9261,обычный
224,Орехова Варвара Ильинична,sharovvatslav@example.com,+7 (934) 835-6420,обычный
225,Сысоева Евфросиния Романовна,izmail_00@example.net,+7 197 218 11 43,обычный
226,Лавр Евсеевич Суворов,komarovadarja@example.org,+75561100225,обычный
227,Порфирий Евстигнеевич Шашков,davidovmefodi@example.org,+7 667 467 62 12,обычный
228,Семенова Галина Борисовна,lsazonova@example.com,87296590277,премиум
229,Тихонов Потап Андреевич,osipovlongin@example.org,8 (993) 588-9163,обычный
230,Никандр Вилорович Дьячков,juli_1973@example.net,+7 (877) 217-53-54,премиум
231,Цветков Ульян Матвеевич,pprohorova@example.org,8 (797) 177-51-70,обычный
232,Тихонов Анатолий Ааронович,vishnjakovernest@example.net,+78837550375,обычный
233,Орехова Фёкла Руслановна,ljudmila_71@example.org,+7 (055) 488-5102,обычный
234,тов. Киселев Ираклий Герасимович,vissarionteterin@example.com,+7 (735) 160-9177,обычный
235,Пестова Прасковья Валентиновна,averki1999@example.org,8 (697) 829-2216,обычный
236,Кошелева Лидия Сергеевна,mdjachkov@example.net,+7 (465) 472-2698,обычный
237,Трофим Жанович Кулаков,akulina_1982@example.org,84522885158,премиум
238,Филимон Фёдорович Муравьев,konon_2019@example.com,+7 810 620 0342,обычный
239,Зоя Вениаминовна Дьячкова,pahomovakira@example.org,8 (057) 198-3863,обычный
240,Евсеева Ия Альбертовна,anosov@example.net,8 800 439 7359,обычный
241,Елисеева Евпраксия Георгиевна,prohor21@example.org,+7 (816) 064-84-22,обычный
242,Сидорова Агата Леоновна,lora2022@example.org,+7 (590) 947-98-51,обычный
243,Лариса Станиславовна Полякова,reginavinogradova@example.net,+7 (688) 615-33-55,обычный
244,Ерофей Харламович Шилов,andreevaljubov@example.com,+7 (993) 056-1648,премиум
245,Козлова Регина Максимовна,simon_1995@example.org,+73581128801,обычный
246,Евдокимов Ермил Федосьевич,ershovtimofe@example.net,8 120 750 11 02,обычный
247,Тамара Анатольевна Игнатьева,isidorisakov@example.com,8 (665) 061-80-91,обычный
248,Фаина Аскольдовна Филатова,efimovsila@example.org,+74914766072,обычный
249,Кузьмина Марфа Тимофеевна,alevtina24@example.net,8 088 210 0996,обычный
250,Блохина Анжелика Константиновна,mechislavsobolev@example.com,8 (222) 394-3129,обычный
251,Таисия Рубеновна Юдина,afanasi_1986@example.org,+71397552314,обычный
252,Мясникова Евдокия Кузьминична,radim1988@example.net,+79299556205,обычный
253,Ефрем Феодосьевич Егоров,vsevolod_57@example.com,8 (547) 812-91-42,обычный
254,Евпраксия Захаровна Гурьева,artemevafinogen@example.org,8 (099) 693-0848,обычный
255,София Руслановна Лапина,majakarpova@example.org,84278816580,премиум
256,Якушева Эмилия Викторовна,visheslav_1995@example.org,89275037314,премиум
257,Андроник Гертрудович Михеев,nikanor_77@example.org,+7 518 449 8926,обычный
258,Громова Феврония Анатольевна,ipati_1991@example.org,8 (655) 779-0827,обычный
259,Воробьев Софон Елисеевич,gennadigerasimov@example.org,8 913 651 7773,обычный
260,Юдина Надежда Архиповна,anikegusev@example.net,82280920242,премиум
261,Маслова Фёкла Феликсовна,shashkovaija@example.org,+7 (797) 723-6929,премиум
262,Евгения Яковлевна Прохорова,kapiton_1979@example.net,8 799 136 6210,премиум
263,Самойлов Силантий Федосеевич,eleonorabelova@example.org,8 (990) 881-17-29,обычный
264,Смирнова Нина Семеновна,cgrishin@example.net,8 (637) 659-9162,обычный
265,Игорь Архипович Бобров,osip_1984@example.org,+7 981 806 3565,премиум
266,Котов Фотий Димитриевич,terenti69@example.com,84636887258,обычный
267,Максимова Ксения Филипповна,fevronija_62@example.net,+7 372 138 65 89,обычный
268,Крюкова Алла Валериевна,oseliverstova@example.org,+7 279 611 43 51,премиум
269,Владимирова Мария Ниловна,konon_2010@example.net,+7 277 038 4309,обычный
270,Игнатова Елизавета Юрьевна,aleksandradenisova@example.org,+7 214 656 6938,обычный
271,Крюков Архип Бенедиктович,kondrati_2011@example.net,85543937690,премиум
272,Орест Юльевич Киселев,afanasi_1998@example.com,+7 848 947 69 73,обычный
273,Оксана Робертовна Самсонова,trofimovavalerija@example.com,+7 633 565 88 04,обычный
274,Вадим Трифонович Муравьев,afinogen_82@example.com,8 539 423 7333,премиум
275,Евфросиния Евгеньевна Медведева,janefimov@example.org,+7 117 908 07 59,обычный
276,Фирс Елизарович Емельянов,raisamatveeva@example.com,+7 (920) 867-8085,обычный
277,Демид Фокич Туров,ignatovspartak@example.com,8 003 691 5594,обычный
278,Белоусов Изот Евстигнеевич,juli1989@example.org,8 (636) 556-47-29,обычный
279,Игнатьев Иван Бориславович,izmail86@example.com,+7 (227) 026-7288,обычный
280,Устинова Пелагея Кузьминична,feliks90@example.com,+7 203 471 75 45,обычный
281,Федосий Дмитриевич Коновалов,tihonovavarvara@example.com,83998245587,обычный
282,Нонна Артемовна Щербакова,rostislav22@example.net,8 699 611 2535,обычный
283,Кузьма Евстигнеевич Елисеев,cpotapov@example.com,88762202341,обычный
284,Афанасьев Варфоломей Богданович,kolobovsavvati@example.net,+7 068 114 9216,обычный
285,Иосиф Еремеевич Зуев,vasilisanazarova@example.org,+7 055 778 4872,обычный
286,София Вячеславовна Капустина,akulina2012@example.net,8 884 578 31 74,премиум
287,Казимир Витальевич Антонов,smirnovaregina@example.org,8 478 077 4064,премиум
288,Евсеева Агата Тимуровна,evgeni_68@example.com,8 326 634 16 38,обычный
289,Эмилия Ивановна Боброва,karp_1993@example.org,+7 (241) 797-49-73,обычный
290,Георгий Анисимович Лыткин,azari_1980@example.org,+74270312073,обычный
291,Леонтий Эдуардович Давыдов,irina2014@example.com,+7 204 618 72 34,обычный
292,Агафья Васильевна Турова,nikandrmamontov@example.com,+7 (037) 183-7645,обычный
293,Артемьев Андроник Валерьевич,svetozar43@example.com,+7 313 650 2491,обычный
294,Илья Августович Лыткин,savinaolimpiada@example.net,82513271950,обычный
295,Юдин Герасим Борисович,pelagejazhukova@example.com,8 (573) 065-2407,обычный
296,Шилова Кира Тимофеевна,evgraf2002@example.net,8 574 982 1827,обычный
297,Каллистрат Иосифович Панов,nosovapraskovja@example.com,+7 (095) 935-18-63,обычный
298,Чернова Таисия Владиславовна,ljubomir65@example.org,+7 810 220 31 73,обычный
299,Дроздов Никанор Эдгардович,jaropolk_2009@example.com,+7 539 103 7170,обычный
300,Павел Исидорович Евсеев,birjukovaemilija@example.com,8 (014) 138-1138,премиум
301,Евдоким Денисович Ермаков,tamaradementeva@example.net,8 195 761 22 86,премиум
302,Прохорова Галина Тарасовна,milovan2020@example.net,8 566 593 9836,обычный
303,Зоя Михайловна Силина,prohor2024@example.org,+7 490 824 0433,премиум
304,Акулина Игоревна Русакова,sokrat_2001@example.net,+7 (107) 522-45-93,обычный
305,Корнилов Ладимир Бенедиктович,nsorokina@example.net,+7 572 791 94 09,обычный
306,Аполлон Игнатьевич Шестаков,hshchukin@example.org,80604805892,обычный
307,Ефрем Витальевич Васильев,cmerkusheva@example.net,88136462251,обычный
308,Антип Трифонович Белоусов,vlasovsidor@example.com,+7 (278) 376-93-89,премиум
309,г-жа Николаева Анжела Ивановна,rjudin@example.net,+7 166 553 55 90,обычный
310,Глафира Макаровна Горбачева,jaropolk1978@example.org,+7 (352) 110-3924,премиум
311,Шубин Венедикт Ефремович,savva1971@example.org,8 (338) 848-7920,премиум
312,Степан Андреевич Сидоров,anastasijabobrova@example.org,84070164510,обычный
313,Никандр Даниилович Щербаков,lora_1975@example.com,8 (981) 238-78-00,обычный
314,Тарас Ефремович Миронов,nikodim2012@example.org,8 554 384 0460,обычный
315,Ирина Дмитриевна Алексеева,nikodim_21@example.net,8 893 639 26 49,обычный
316,Тит Васильевич Ершов,fainapotapova@example.net,+7 (248) 262-9251,премиум
317,Блохина Варвара Геннадиевна,galaktion_05@example.com,8 474 231 22 09,обычный
318,Кошелева Татьяна Юрьевна,eduardzhukov@example.org,+7 517 289 7526,обычный
319,г-н Сорокин Евдоким Давидович,isakovaagafja@example.com,8 333 127 97 57,обычный
320,Наталья Ниловна Носова,koshelevamarina@example.net,8 699 988 0817,премиум
321,Андроник Демьянович Михеев,nikola_2025@example.org,8 (680) 347-6447,премиум
322,Анисимов Юлий Антипович,vjacheslav_1996@example.net,8 (181) 298-26-65,премиум
323,Денис Филиппович Капустин,radovantarasov@example.com,8 211 175 1868,премиум
324,Яковлева Марина Тимуровна,xbeljaev@example.org,8 922 220 6447,премиум
325,Дмитрий Валерианович Мясников,evpraksijasmirnova@example.net,+70777809733,обычный
326,Мухина Оксана Наумовна,bogdan2003@example.org,+7 (849) 830-2205,обычный
327,Красильников Амос Ефимович,bojan_01@example.com,+7 (249) 998-27-95,обычный
328,Анна Кузьминична Маркова,natan_16@example.net,+7 472 145 86 83,премиум
329,Костина Анастасия Борисовна,bojan_1997@example.net,84695489952,премиум
330,Чернова Регина Святославовна,dmitri2019@example.org,+73010713966,премиум
331,Шестаков Федот Гордеевич,kabanovaevpraksija@example.net,+74144885015,премиум
332,Филарет Аксёнович Щукин,evdokijasuhanova@example.com,8 (702) 727-85-76,обычный
333,Анастасия Семеновна Петухова,fedor_80@example.org,85512405682,обычный
334,Колесникова Евгения Эльдаровна,knjazevleon@example.net,8 046 173 5743,обычный
335,Захарова Валерия Максимовна,guljaevaevpraksija@example.org,8 (807) 823-57-84,премиум
336,Вероника Болеславовна Бирюкова,evpraksija_2026@example.org,+7 768 104 0915,премиум
337,Аникита Бориславович Галкин,azari94@example.net,+7 (533) 448-5714,обычный
338,Егоров Викентий Авдеевич,sofon_1975@example.net,8 854 249 3214,премиум
339,Ширяева София Павловна,titovaalevtina@example.com,+7 160 166 2997,обычный
340,Никифорова Лора Геннадьевна,bogdan_2024@example.com,82171747733,обычный
341,Самсонов Яков Дорофеевич,nikifor_25@example.com,8 (701) 715-77-24,обычный
342,Элеонора Филипповна Гусева,varfolome_1992@example.net,+7 581 487 69 63,обычный
343,Хохлова Галина Романовна,vtitov@example.org,86695832197,обычный
344,Кириллов Ростислав Зиновьевич,valeri_2016@example.org,+76191965701,обычный
345,Кудрявцев Фома Ааронович,viktorijasaveleva@example.net,+76997335494,обычный
346,Нина Макаровна Беляева,kostinaraisa@example.com,+7 (405) 800-85-14,премиум
347,Жанна Оскаровна Филатова,uegorova@example.net,8 666 832 72 38,премиум
348,Мирослав Фёдорович Степанов,darja22@example.org,+7 027 621 26 79,обычный
349,Юлия Геннадиевна Панова,paramon_2001@example.com,8 532 690 97 38,обычный
350,Трифон Иосифович Морозов,ermakovaolga@example.net,8 197 128 4781,обычный
351,Костина Анна Ефимовна,agafja2011@example.net,+7 894 905 80 77,премиум
352,Воронова Ульяна Леоновна,zkrjukov@example.com,+72094940792,обычный
353,Прохорова Кира Яковлевна,dmitrievapelageja@example.org,+7 (814) 429-44-40,премиум
354,Елисеева Дарья Эдуардовна,nonnafomina@example.org,+73728051292,обычный
355,Надежда Натановна Фролова,marfa2006@example.org,85041027674,премиум
356,Твердислав Даниилович Щербаков,qblohin@example.org,8 (604) 765-8018,обычный
357,Пестова Нина Юрьевна,mark44@example.org,+79673938525,премиум
358,Муравьева Агафья Афанасьевна,tihonovaantonina@example.net,+7 753 443 00 91,обычный
359,Кириллов Ерофей Валерьевич,beljaevernest@example.org,8 921 244 71 74,обычный
360,Лидия Ждановна Сорокина,egorovarkadi@example.com,8 504 427 17 39,обычный
361,Селиверст Борисович Баранов,tatjana_1994@example.net,+7 741 011 94 70,обычный
362,Виктория Александровна Тетерина,haritonovamarija@example.com,+7 (569) 087-76-61,обычный
363,Смирнова Мария Романовна,ermakovterenti@example.com,8 460 158 5174,обычный
364,Борисова Таисия Аскольдовна,mkonovalova@example.com,8 157 173 20 30,обычный
365,Капустина Жанна Рудольфовна,ygusev@example.net,+77870050506,обычный
366,Константинов Станимир Фокич,gennadi_2011@example.org,+7 027 079 03 20,обычный
367,Васильев Леон Богданович,julian1979@example.net,+7 117 993 13 65,обычный
368,Милица Леонидовна Ковалева,vseslav_1988@example.org,+7 925 114 2625,обычный
369,Быкова Зинаида Харитоновна,kuzminaantonina@example.net,86207100219,обычный
370,Наина Руслановна Шубина,evfrosinijabaranova@example.net,+78763290927,премиум
371,Беляева Клавдия Макаровна,jkuznetsov@example.org,+7 (181) 958-8373,обычный
372,Евлампий Брониславович Евсеев,olimpiadachernova@example.org,+7 (005) 436-45-97,обычный
373,Гришин Антонин Вячеславович,alevtinamartinova@example.net,+7 137 995 63 53,обычный
374,Лидия Евгеньевна Комарова,ostromirbespalov@example.org,8 317 970 62 39,обычный
375,Никанор Марсович Кузьмин,margarita1980@example.com,+73520904217,обычный
376,Данила Измаилович Поляков,ernest29@example.org,88316873977,обычный
377,Пахом Денисович Крылов,platon_93@example.net,+7 (906) 007-80-68,обычный
378,Валерьян Филимонович Горшков,borisnaumov@example.org,8 325 431 07 42,обычный
379,Гордеева Ульяна Харитоновна,turovaoksana@example.com,+7 (625) 701-65-80,обычный
380,Касьян Глебович Устинов,orehovmark@example.net,+7 850 165 7905,премиум
381,Федот Арсеньевич Шилов,vseslavmironov@example.org,8 (179) 335-5486,обычный
382,Арсений Марсович Коновалов,svjatoslav1998@example.org,8 (884) 795-13-71,обычный
383,Самсонов Денис Ермилович,kiselevgrigori@example.com,+7 272 380 46 82,обычный
384,Пантелеймон Феофанович Зиновьев,kalininaevdokija@example.org,+7 385 695 5798,обычный
385,Нинель Робертовна Антонова,ksenijaromanova@example.com,+7 (754) 025-4729,обычный
386,Синклитикия Ильинична Королева,viktorijasorokina@example.org,+7 059 274 52 38,обычный
387,Харитонова Лариса Макаровна,margaritatretjakova@example.net,+7 (841) 067-27-52,обычный
388,Гришин Трифон Юльевич,anzhelika_47@example.com,82975170281,обычный
389,Олег Гурьевич Третьяков,vadim_50@example.net,+7 (983) 430-1871,премиум
390,Марфа Георгиевна Емельянова,erast_98@example.org,8 626 565 0455,обычный
391,Прокофий Афанасьевич Рябов,oksana2026@example.com,+72662991234,премиум
392,Станислав Игнатьевич Голубев,aborisov@example.com,+76287923264,обычный
393,Волкова Клавдия Харитоновна,semen87@example.org,+7 024 471 4627,обычный
394,Зинаида Алексеевна Ковалева,semen19@example.net,8 979 647 1589,обычный
395,Осипов Гремислав Антонович,larisasuvorova@example.net,+7 (520) 456-50-44,обычный
396,Колобова Анжела Степановна,dobromislfadeev@example.org,82855445189,обычный
397,Гаврила Авдеевич Кудрявцев,kondrat_1991@example.com,8 521 328 33 89,обычный
398,Селиверстова Светлана Тарасовна,klavdija_2012@example.org,8 711 207 54 52,обычный
399,Фёкла Семеновна Фадеева,dementi_40@example.net,+7 322 342 32 16,обычный
400,Шарова Валерия Анатольевна,nosovaolga@example.com,+7 310 890 7140,обычный
401,Харитонов Автоном Богданович,rusakoverast@example.org,83250124955,обычный
402,Овчинников Юлий Демидович,filaret_1973@example.net,+7 833 428 0138,обычный
403,Олимпиада Михайловна Игнатова,ninelmuraveva@example.org,+7 (566) 383-61-51,обычный
404,Спиридон Венедиктович Горшков,ksenija_48@example.net,+7 157 164 7947,премиум
405,Исаков Корнил Федотович,arhipsamsonov@example.com,8 207 167 8112,обычный
406,Харлампий Бориславович Гришин,angelinagromova@example.org,8 396 136 7499,обычный
407,Нифонт Ильясович Мухин,glitkin@example.com,+7 (711) 477-32-01,обычный
408,Никонова Ангелина Святославовна,litkinadarja@example.com,85249911877,обычный
409,Нестеров Сергей Эдгардович,kazimir_2000@example.net,8 (006) 167-5677,обычный
410,Борисов Федосий Ефимьевич,pelagejagorbunova@example.org,+76719788977,обычный
411,Яковлева Прасковья Аркадьевна,fnazarov@example.net,8 954 500 90 25,премиум
412,Фортунат Адрианович Фадеев,natan_16@example.com,8 650 333 4911,обычный
413,Валерия Львовна Романова,beljakovalidija@example.org,8 (698) 640-79-05,обычный
414,Никита Захарьевич Дроздов,konstantinovselivan@example.org,+7 (578) 529-4563,обычный
415,г-н Одинцов Терентий Гордеевич,kapiton04@example.net,8 391 919 54 19,обычный
416,Олимпиада Олеговна Никитина,bazhen_48@example.com,8 853 664 98 78,обычный
417,Соколов Софрон Гаврилович,ermil2007@example.net,8 (489) 690-83-57,обычный
418,Алексеев Ладимир Феодосьевич,ekabanov@example.net,+7 (644) 249-3631,обычный
419,Новиков Иннокентий Ефстафьевич,svjatoslav2001@example.com,8 032 420 44 82,премиум
420,Волкова Пелагея Архиповна,samolovaanzhelika@example.com,84165162319,обычный
421,Тетерина Варвара Семеновна,ipati_1998@example.org,+7 (915) 596-3632,обычный
422,Соболев Кир Феоктистович,lpanfilov@example.org,8 (851) 586-73-42,обычный
423,Модест Ефремович Лебедев,odintsovaalla@example.net,+7 (486) 451-8376,обычный
424,Кондратьев Никодим Дмитриевич,budimir34@example.org,+7 (756) 041-77-65,обычный
425,Шашкова Антонина Валериевна,silvestr15@example.com,88570027206,обычный
426,Тимофеев Лонгин Архипович,jakovlevipat@example.net,+7 (965) 772-42-95,обычный
427,Евпраксия Артемовна Аксенова,dobromisl_66@example.net,+7 (008) 931-7342,обычный
428,Орехов Пахом Дорофеевич,annakondrateva@example.com,+7 (910) 867-71-33,обычный
429,Самойлов Карл Ермилович,naum1977@example.org,83436262044,обычный
430,Савельев Ипат Исидорович,borislav1970@example.org,8 636 694 1180,обычный
431,Тетерин Измаил Харитонович,ernst_90@example.org,+78964652809,обычный
432,Романов Сила Эдгарович,ruslan_21@example.com,8 (624) 150-2745,обычный
433,Ия Захаровна Костина,sofron56@example.org,8 728 703 2032,обычный
434,Осипов Гремислав Фролович,fzhukov@example.org,8 (587) 771-21-51,премиум
435,Бобров Дмитрий Власович,kim_2001@example.net,83908926137,обычный
436,Белозерова Лора Алексеевна,ekaterina16@example.com,81520177749,обычный
437,Суханова Алина Яковлевна,ljubosmisl2023@example.net,82304501896,обычный
438,Сидоров Денис Демидович,bborisov@example.org,+7 (664) 214-76-49,премиум
439,Харитонов Валерий Исидорович,evstigne_1997@example.com,8 (499) 616-59-26,обычный
440,Тарасова Алина Степановна,rostislav_32@example.com,8 (814) 761-7422,премиум
441,Петухова Зинаида Семеновна,kkapustin@example.org,8 (108) 186-6179,обычный
442,Людмила Ждановна Логинова,komissarovsila@example.org,+7 722 601 64 59,премиум
443,Симонова Нонна Яковлевна,matve23@example.org,+7 941 680 06 10,обычный
444,Архипов Родион Трофимович,lazar2004@example.net,8 641 220 3103,премиум
445,Евфросиния Романовна Кулагина,zhannakudrjashova@example.net,8 (314) 727-6012,премиум
446,Нинель Рудольфовна Воронова,samolovanonna@example.net,+7 (349) 605-0166,обычный
447,Фаина Эльдаровна Гурьева,kornil_1972@example.com,8 (899) 730-80-69,обычный
448,Арсений Евстигнеевич Рожков,ebragina@example.org,8 (957) 602-43-75,обычный
449,Сильвестр Гурьевич Сафонов,erast_72@example.com,8 657 293 41 72,премиум
450,Яковлев Эрнст Эдгардович,evseevpavel@example.com,+73380054522,обычный
451,Прасковья Антоновна Константинова,shirjaevpetr@example.org,83183745508,премиум
452,Георгий Якубович Елисеев,krjukovantip@example.com,8 (119) 918-08-12,обычный
453,Беспалова Евфросиния Михайловна,kirarogova@example.com,8 (712) 552-1376,обычный
454,Агата Ефимовна Щукина,matve1986@example.org,+7 456 532 86 32,обычный
455,Надежда Наумовна Самсонова,sofron2014@example.com,+7 720 811 5562,обычный
456,Никодим Алексеевич Нестеров,uljanapavlova@example.net,8 (466) 845-5048,обычный
457,Куликова Милица Петровна,tihonefremov@example.net,8 (563) 410-85-62,обычный
458,Потапова Ия Даниловна,panfilovustin@example.com,8 (520) 089-4346,обычный
459,Валерия Аркадьевна Одинцова,isidor_85@example.org,+7 174 907 5399,обычный
460,Субботина Синклитикия Эльдаровна,milipetuhov@example.com,82683158935,обычный
461,Гедеон Федосьевич Никонов,fsorokin@example.org,8 273 715 86 98,обычный
462,Афанасьева Иванна Харитоновна,aleksandra1993@example.com,8 (622) 827-72-88,обычный
463,Соболев Ратибор Харламович,dementevagalina@example.net,8 196 115 9408,обычный
464,Давыдов Лев Марсович,kuprijan70@example.org,+7 (960) 443-27-01,обычный
465,Виноградова Алина Николаевна,filipp1987@example.com,8 679 228 7772,обычный
466,Лидия Богдановна Лаврентьева,onosov@example.com,8 807 412 0948,обычный
467,Носкова Тамара Артемовна,janpotapov@example.net,+7 983 780 1820,обычный
468,Елисей Демьянович Никонов,borislav2015@example.net,8 690 705 6260,обычный
469,Лариса Мироновна Сидорова,andreevvalerjan@example.net,+7 (422) 412-46-20,обычный
470,Большакова Евгения Алексеевна,petuhovamarija@example.org,8 265 461 0339,обычный
471,Горшкова Раиса Сергеевна,hstrelkova@example.com,+7 578 617 0630,обычный
472,Фрол Бориславович Крылов,antonina_2014@example.com,86718325823,обычный
473,Родионова Тамара Петровна,smirnovaoktjabrina@example.net,+72007494653,обычный
474,Панфилова Ия Аскольдовна,sinklitikijavorontsova@example.org,+71612846398,обычный
475,Лариса Львовна Калашникова,praskovja74@example.org,8 537 950 2097,обычный
476,Кузнецов Дементий Фадеевич,irina_2009@example.com,8 (118) 071-5695,премиум
477,Авксентий Валерьевич Суворов,evdokim_70@example.org,+7 453 194 3375,обычный
478,Горшков Эрнст Глебович,lazarevamarfa@example.org,+79872839992,обычный
479,Гусев Артемий Валерьянович,filaret38@example.net,+73089487060,премиум
480,Лидия Оскаровна Сазонова,hhohlov@example.net,8 (775) 803-0468,обычный
481,Аверкий Тимурович Григорьев,boleslav_90@example.net,+7 (613) 325-4110,обычный
482,Аким Игнатьевич Одинцов,iosif17@example.org,8 058 319 9717,обычный
483,Михайлова Анастасия Антоновна,sisaev@example.org,+7 (070) 496-11-08,обычный
484,Якушев Наум Трифонович,orehovostap@example.org,89076769915,обычный
485,Муравьева Алевтина Робертовна,maksim_2003@example.org,+7 091 939 28 45,премиум
486,Якуб Феофанович Герасимов,vseslavlavrentev@example.org,+7 249 685 4982,премиум
487,Никифоров Эраст Измаилович,modest08@example.net,+7 (038) 806-53-33,обычный
488,Лукия Георгиевна Харитонова,iraida2009@example.com,85995946521,обычный
489,Андроник Эдгарович Поляков,kabanovaelena@example.net,+7 (793) 375-6362,обычный
490,Агата Михайловна Кузнецова,efimovamvrosi@example.net,+7 247 395 00 33,обычный
491,Ефим Евсеевич Молчанов,lukijasazonova@example.net,+7 (230) 241-0261,обычный
492,Епифан Ефремович Панов,moisekornilov@example.com,+7 (896) 112-23-38,обычный
493,Мстислав Жоресович Моисеев,panisimova@example.org,89384253042,обычный
494,Фаина Рудольфовна Никитина,sharovrjurik@example.net,81286857872,обычный
495,Мстислав Харлампьевич Терентьев,savvati1985@example.com,80333736346,обычный
496,Ульяна Валериевна Колобова,irakli_81@example.org,+7 478 539 07 89,обычный
497,Радим Фролович Горбунов,zzinovev@example.com,8 460 273 4151,обычный
498,Сидор Якубович Некрасов,ustinovkirill@example.org,+7 115 083 53 54,обычный
499,Кир Геннадиевич Крюков,sofijasisoeva@example.com,+7 445 669 0782,обычный
500,Елизавета Евгеньевна Владимирова,savvatizhukov@example.net,88775153663,обычный
501,Федосий Аксёнович Давыдов,uljanauvarova@example.org,+70755366684,обычный
502,Азарий Александрович Стрелков,viktorijaseliverstova@example.com,89996636186,обычный
503,Киселев Максим Филимонович,vadim21@example.net,8 (209) 702-3164,обычный
504,Калинин Станислав Арсеньевич,arefi1990@example.org,+7 (566) 212-86-71,обычный
505,Елисей Васильевич Беспалов,leonidgorbunov@example.net,8 (299) 493-87-43,обычный
506,Баранов Прокофий Арсенович,zzhukova@example.org,8 (597) 779-0147,обычный
507,Лаврентий Тимурович Костин,nainakrilova@example.org,86762916032,обычный
508,Тимофей Ермолаевич Харитонов,ignatoverofe@example.com,8 815 118 56 72,обычный
509,Сильвестр Андреевич Суворов,bogdanovaoktjabrina@example.com,8 636 004 1257,обычный
510,Артем Архипович Хохлов,porfirikudrjavtsev@example.com,+72209124186,обычный
511,Агафонов Автоном Егорович,ninelefimova@example.org,+7 (083) 708-1647,обычный
512,Иванов Анисим Матвеевич,ipatdavidov@example.org,+7 (106) 005-3131,обычный
513,Глафира Викторовна Соловьева,gvasileva@example.com,8 839 386 6133,обычный
514,Марков Дементий Авдеевич,usuhanova@example.org,8 373 149 50 13,обычный
515,Эммануил Эдуардович Орлов,filaret_1979@example.org,85625257150,обычный
516,Логинова Нонна Мироновна,alla_2011@example.net,80309143639,премиум
517,Кудрявцев Мстислав Эдуардович,egor26@example.org,+7 397 524 5086,обычный
518,Дмитриева Алевтина Евгеньевна,mefodi_33@example.net,+7 339 685 2701,обычный
519,Ангелина Георгиевна Зайцева,evfrosinijaguseva@example.org,+7 (983) 381-67-42,обычный
520,Николаева Наталья Вячеславовна,lazardmitriev@example.net,8 (347) 156-62-77,обычный
521,Юлиан Феликсович Мишин,olgalebedeva@example.com,8 149 828 24 67,премиум
522,Кондратий Матвеевич Шилов,askold1988@example.net,8 (323) 008-57-66,обычный
523,Маргарита Натановна Емельянова,anastasija91@example.com,+7 169 236 4587,обычный
524,Фомина Анастасия Натановна,pgorshkova@example.org,8 (050) 249-72-43,обычный
525,Селиверстова Галина Андреевна,mamontovvadim@example.net,8 691 836 26 44,обычный
526,Лукина Марина Эдуардовна,natalja61@example.org,85243640270,обычный
527,Носов Панкратий Фёдорович,natalja62@example.org,8 223 728 1793,премиум
528,Семенов Добромысл Георгиевич,osip79@example.org,+7 (141) 614-15-09,обычный
529,Мартынов Варлаам Августович,fedotovaagata@example.net,80138069847,обычный
530,Мартын Федотович Ширяев,elena_55@example.org,8 669 055 1076,обычный
531,Белозерова Вера Алексеевна,bespalovtaras@example.com,+7 (579) 786-3050,обычный
532,Уварова Алина Леонидовна,igor2004@example.com,81567164932,обычный
533,Ульяна Сергеевна Морозова,polinaevseeva@example.org,+78727178333,обычный
534,Фокин Бронислав Борисович,bpanova@example.org,8 643 471 2871,обычный
535,Лора Дмитриевна Тетерина,noskovmefodi@example.com,8 863 341 41 11,обычный
536,Христофор Геннадиевич Кононов,drozdovmodest@example.org,8 690 409 8366,обычный
537,Михаил Валерьянович Галкин,vatslavafanasev@example.org,8 (752) 437-7294,обычный
538,Харитонов Ананий Жоресович,sila14@example.net,87374605233,обычный
539,Зайцева Дарья Рудольфовна,qmoiseev@example.org,+7 865 675 6618,обычный
540,Боброва Евдокия Тимуровна,igrigorev@example.com,80472927742,обычный
541,Брагин Евсей Августович,marfa_91@example.net,+7 (662) 015-72-01,премиум
542,Лукия Эдуардовна Кудряшова,militsanikolaeva@example.org,+7 367 492 61 76,премиум
543,Прокл Исидорович Кузнецов,andreevboris@example.org,8 (830) 999-74-19,обычный
544,Трофимов Платон Ефимович,antoninabolshakova@example.org,8 (260) 688-8718,обычный
545,Синклитикия Васильевна Ситникова,viktorinkorolev@example.net,+7 (087) 510-29-32,обычный
546,Сидоров Ананий Архипович,seleznevlavrenti@example.com,8 (260) 340-8487,обычный
547,Емельянов Лонгин Ильич,sokrat_1981@example.org,+7 303 243 2983,премиум
548,Матвеева Василиса Яковлевна,jalekseev@example.com,+76267146283,обычный
549,Гурьев Карп Георгиевич,feoktist_89@example.org,8 256 609 31 41,обычный
550,Зимина Таисия Наумовна,suhanovbronislav@example.com,8 423 401 6361,обычный
551,Варвара Вячеславовна Назарова,hariton71@example.net,8 948 491 0256,обычный
552,Константинов Твердислав Трофимович,hristofor1977@example.org,8 (222) 694-0539,обычный
553,Ратмир Гавриилович Быков,ruslan_84@example.com,8 834 146 51 11,обычный
554,Фокина Анна Викторовна,mihalovaija@example.net,8 (068) 277-88-16,обычный
555,Пономарев Аверьян Федосьевич,pelageja_1989@example.net,8 (909) 728-3215,премиум
556,Раиса Матвеевна Селиверстова,rodionovapolina@example.com,+7 (515) 381-44-74,обычный
557,Авдей Тимурович Рябов,angelina80@example.com,87050975451,обычный
558,Белозеров Дорофей Трифонович,avksenti_16@example.com,+7 (188) 261-7024,премиум
559,Афанасьев Мстислав Ефимович,pahom_28@example.com,+7 772 256 05 31,обычный
560,Волков Всеволод Тихонович,vpanfilova@example.org,+7 (374) 167-87-25,обычный
561,Милица Сергеевна Владимирова,hbelousov@example.org,+7 225 803 0569,обычный
562,Кудряшова Ольга Кирилловна,svjatoslav16@example.org,82823414363,обычный
563,Варфоломей Юлианович Костин,evdokijakrasilnikova@example.net,+7 (312) 604-32-60,обычный
564,Тарасова Алла Мироновна,tbogdanova@example.net,+7 (356) 708-6041,обычный
565,Климент Иларионович Кулаков,ugorshkov@example.org,+7 (000) 534-74-91,премиум
566,Ипполит Эдгардович Громов,lazar_11@example.net,+7 825 559 8953,премиум
567,Никитина Фаина Натановна,belozerovvatslav@example.org,81093371189,обычный
568,Савватий Германович Лукин,alinaguseva@example.org,8 848 557 16 17,премиум
569,Сила Адамович Сергеев,irina24@example.org,80367881278,обычный
570,Никита Трифонович Кошелев,elise20@example.org,83908788443,премиум
571,Карп Валерианович Романов,anikitalukin@example.org,+70242403381,обычный
572,Коновалов Эрнест Исидорович,boris_84@example.net,+7 (694) 500-53-42,обычный
573,Аггей Борисович Молчанов,pfomicheva@example.com,88373543962,обычный
574,Платон Исидорович Куликов,vadim1998@example.com,+7 (239) 724-04-22,премиум
575,Элеонора Георгиевна Виноградова,anzhelakotova@example.org,8 (618) 209-16-60,обычный
576,Попов Аникей Васильевич,borisfedotov@example.org,80018513279,премиум
577,Галина Константиновна Суханова,german1983@example.net,+78100184186,обычный
578,Сысоев Захар Адрианович,parfenblinov@example.org,8 436 172 1314,обычный
579,Яков Игнатьевич Ковалев,borislav_09@example.org,+7 (685) 926-24-94,обычный
580,Василий Егорович Фомичев,vera1990@example.com,+7 022 526 77 11,обычный
581,Кондратьева Ирина Вениаминовна,markovvladimir@example.org,8 557 676 95 23,обычный
582,Ульян Эдуардович Беляков,semen_2000@example.org,8 196 893 13 50,премиум
583,Якушев Аггей Иосипович,savvati_2024@example.org,+7 552 472 8633,премиум
584,Анастасия Валентиновна Ковалева,marinagureva@example.org,8 501 917 92 02,обычный
585,Богдан Демьянович Воробьев,ermakovanaina@example.org,+7 (728) 476-57-04,премиум
586,Семенов Амос Всеволодович,gostomisl_1970@example.com,8 (849) 843-62-41,обычный
587,Селиверстова Василиса Даниловна,dosipova@example.org,8 289 177 56 62,обычный
588,Давыдов Парамон Георгиевич,velimir11@example.com,85034281139,обычный
589,Буров Леонид Геннадиевич,egor_2006@example.org,+7 (419) 909-7005,обычный
590,Никифоров Авксентий Ильясович,nikon83@example.com,8 521 568 18 20,обычный
591,Щербакова Ольга Эдуардовна,kalininagalina@example.org,8 (113) 322-88-98,премиум
592,Лукия Петровна Устинова,lukijakalinina@example.com,86063399129,обычный
593,Чернова Антонина Андреевна,ksenijahohlova@example.org,8 (175) 242-14-95,обычный
594,Аскольд Вячеславович Рогов,isidor2025@example.com,8 (219) 705-46-69,обычный
595,Василиса Павловна Громова,jaropolk_2023@example.com,+7 687 409 03 80,обычный
596,Орлов Корнил Матвеевич,tatjanavlasova@example.org,+7 (671) 577-8711,премиум
597,Киселев Никон Феликсович,olegsuhanov@example.org,8 597 371 4708,обычный
598,Воронов Галактион Гордеевич,ferapont_09@example.com,+7 567 303 0644,обычный
599,Михайлова Вероника Афанасьевна,onufri14@example.net,8 (683) 420-16-54,обычный
600,Шестаков Панкрат Харлампьевич,terenti2008@example.org,8 596 089 31 99,премиум
601,Харитонов Лукьян Авдеевич,oksanakolobova@example.org,8 (516) 480-72-79,обычный
602,Рябов Евгений Федосеевич,fevronija_1979@example.com,+7 (533) 905-5044,обычный
603,Беспалова Варвара Святославовна,ostromir1993@example.com,8 (685) 127-6528,обычный
604,Потапова Нина Мироновна,vasilisa64@example.net,81111096179,обычный
605,Антонина Павловна Овчинникова,haritonovakira@example.com,+7 (378) 613-7157,обычный
606,Николай Абрамович Субботин,julija_38@example.com,+74463060002,обычный
607,Регина Эльдаровна Филиппова,danila_96@example.org,8 (639) 609-6262,обычный
608,Лукьян Ярославович Яковлев,gsuvorov@example.net,+7 (819) 648-25-31,обычный
609,Кудряшов Автоном Витальевич,orehovasofija@example.org,86027523343,обычный
610,Николаева Марина Захаровна,egorovaanzhelika@example.org,+7 911 791 1244,обычный
611,Анна Анатольевна Горшкова,emeljan_61@example.com,+7 617 136 6572,обычный
612,Кузнецов Денис Александрович,turovmefodi@example.com,8 (998) 028-41-39,обычный
613,Лебедев Спартак Якубович,ekaterinaknjazeva@example.com,+7 305 231 24 47,обычный
614,Тарасов Милен Ерофеевич,olimpiada2015@example.com,8 (634) 234-6199,обычный
615,Елисей Чеславович Горбунов,panfil2003@example.com,8 919 663 9551,обычный
616,Ананий Яковлевич Максимов,msafonov@example.net,8 (560) 125-6253,обычный
617,Прохоров Мокей Марсович,larisailina@example.org,8 053 795 3816,обычный
618,Еремей Григорьевич Орлов,klavdi_2010@example.net,+7 966 553 30 77,обычный
619,Егоров Пантелеймон Валерианович,savelevdanila@example.net,8 963 904 0907,обычный
620,Олимпий Алексеевич Самсонов,stojan_1972@example.net,+7 171 644 5561,обычный
621,Веселова Полина Юрьевна,karpovaklavdija@example.net,8 (715) 910-30-02,обычный
622,Марков Поликарп Давидович,annaponomareva@example.net,8 800 401 0414,обычный
623,Юлий Тарасович Дорофеев,veraloginova@example.com,+7 252 967 18 83,обычный
624,Нестерова Пелагея Игоревна,faina_73@example.org,+74158331170,обычный
625,Агафонов Ермолай Фролович,fmelnikov@example.org,8 398 854 7281,обычный
626,Елена Михайловна Блинова,jakub1999@example.com,+7 (146) 249-1271,обычный
627,Жанна Архиповна Рожкова,dorofe1985@example.com,8 (754) 181-5632,обычный
628,Петр Яковлевич Миронов,bikovairaida@example.com,+7 066 343 62 94,обычный
629,Горшкова Регина Оскаровна,fedoseevantip@example.net,+7 (131) 009-4318,обычный
630,Цветков Якуб Трофимович,gustinov@example.org,+77323549401,обычный
631,Буров Януарий Харлампович,zinaida32@example.com,+7 225 720 76 50,премиум
632,Белоусов Бажен Власович,kirillovaljudmila@example.com,80737100943,обычный
633,Сергеева Вероника Болеславовна,antonovmark@example.com,8 (584) 745-70-54,обычный
634,Рожкова Регина Эльдаровна,veniamin1985@example.net,+7 263 257 0396,обычный
635,Бронислав Георгиевич Русаков,gantonova@example.com,8 (782) 455-6964,обычный
636,Андроник Измаилович Щукин,gorbunovradovan@example.net,8 410 727 2849,обычный
637,Сорокина Клавдия Рудольфовна,artemi40@example.com,+7 349 107 4065,обычный
638,Смирнова Алла Ждановна,ljubovshashkova@example.com,8 (821) 423-6914,обычный
639,Мухин Мина Денисович,zsazonov@example.org,+74942965923,обычный
640,Панкратий Германович Антонов,borislav49@example.net,8 (826) 612-87-58,обычный
641,Людмила Рубеновна Казакова,ateterin@example.com,8 (080) 612-94-39,премиум
642,Гусева Юлия Тимофеевна,apollinari62@example.com,+7 787 010 4159,обычный
643,Калинин Феофан Харлампьевич,arkadi_19@example.net,8 (038) 287-2324,обычный
644,Молчанова Агата Рудольфовна,vikentivinogradov@example.org,+7 (918) 133-17-08,обычный
645,Аполлон Валерьевич Петухов,lmerkushev@example.org,8 (497) 916-2022,премиум
646,Жанна Викторовна Панфилова,evstigne_1996@example.com,+71975466176,обычный
647,Вероника Алексеевна Боброва,vissarion2001@example.org,84097052774,премиум
648,Яковлев Мирон Юлианович,epifan_1989@example.net,8 (681) 225-9572,обычный
649,Лазарь Тимурович Виноградов,nazar2024@example.net,+7 (988) 425-99-59,обычный
650,Маслова Ангелина Аскольдовна,krasilnikovagalina@example.org,+7 177 533 12 66,обычный
651,Анастасия Юрьевна Максимова,petrovafanasi@example.com,8 902 517 6298,обычный
652,Максимов Селиверст Феоктистович,zinovi32@example.com,8 (319) 013-0205,обычный
653,Татьяна Тимофеевна Князева,aleksandrovdobroslav@example.net,8 (733) 978-5598,премиум
654,Ангелина Павловна Котова,emamontova@example.net,+7 284 117 30 98,обычный
655,Захар Ермолаевич Стрелков,nikita51@example.org,+71893898469,премиум
656,Игнатов Венедикт Харитонович,valentina00@example.com,8 435 023 85 03,обычный
657,г-н Коновалов Аскольд Фёдорович,belozerovustin@example.com,+7 (401) 078-35-67,обычный
658,Зосима Адамович Тетерин,kozlovaevpraksija@example.net,86087066266,обычный
659,Андреева Нинель Васильевна,milovan_35@example.com,+7 331 903 6890,обычный
660,г-жа Уварова Зинаида Аркадьевна,pavlovvladlen@example.com,+7 (405) 593-42-96,обычный
661,Виталий Артемьевич Воробьев,tihon37@example.net,8 374 584 3845,обычный
662,Овчинникова Валентина Альбертовна,ostap_97@example.com,+7 328 348 31 52,обычный
663,Фролов Потап Филиппович,lebedevsigizmund@example.org,+74964104967,премиум
664,Щербаков Нестор Феофанович,tsvetkovaevfrosinija@example.com,+7 (680) 408-50-95,обычный
665,Иванна Эдуардовна Рябова,aleksandrovajulija@example.com,8 018 648 76 99,обычный
666,Иванна Валериевна Кондратьева,vkolobov@example.org,+7 (044) 138-45-96,обычный
667,Егоров Митофан Евстигнеевич,julija90@example.org,+79542770707,обычный
668,Ефимов Самуил Григорьевич,landreev@example.org,+79851724447,обычный
669,Евдокимов Демид Виленович,zhukovavalerija@example.net,+7 287 950 8304,обычный
670,Акулина Матвеевна Потапова,moiseevazhanna@example.com,+7 187 181 33 59,обычный
671,Павел Артёмович Носков,snosova@example.org,+7 595 565 7490,обычный
672,Соловьев Корнил Вилорович,kiselevaeleonora@example.org,8 889 536 9026,премиум
673,Анжелика Анатольевна Кондратьева,feofanovchinnikov@example.net,8 (681) 809-7887,премиум
674,Евлампий Ерофеевич Сысоев,maksimnikolaev@example.com,+7 (751) 376-5158,обычный
675,Фомичева Майя Романовна,prohorustinov@example.com,+7 (928) 369-2944,обычный
676,Викторин Артурович Исаков,jmorozova@example.net,8 (327) 021-64-87,обычный
677,Гусева Александра Оскаровна,pahomovaglafira@example.org,+7 (886) 652-68-34,обычный
678,Самсонов Мартын Борисович,bogdanovaljudmila@example.com,8 764 722 98 12,премиум
679,Феврония Эдуардовна Фомина,natan1988@example.org,8 (941) 347-5098,обычный
680,Фаина Степановна Сазонова,udrozdov@example.com,8 220 368 4995,обычный
681,Бобров Григорий Валерианович,kir77@example.org,+7 (449) 134-21-38,обычный
682,Глафира Алексеевна Моисеева,kondratevasofija@example.net,+7 (070) 534-9678,обычный
683,Панов Лавр Брониславович,zuevpimen@example.com,+71241513152,обычный
684,Егорова Оксана Степановна,krjukovluka@example.org,8 185 380 03 29,обычный
685,Ефим Герасимович Белоусов,georgi1997@example.org,8 (423) 183-06-17,обычный
686,Никитина Дарья Антоновна,qvlasova@example.net,8 935 782 43 47,обычный
687,тов. Моисеев Мир Харлампьевич,valeri31@example.com,8 753 612 75 15,обычный
688,Крюкова Василиса Романовна,emil1993@example.org,+7 448 360 8545,обычный
689,Пров Федосьевич Власов,apollinari47@example.net,+7 (504) 763-9283,обычный
690,Валерия Юрьевна Костина,vladislav_98@example.org,+7 615 581 0835,обычный
691,Яковлева Синклитикия Никифоровна,kornilbragin@example.org,8 563 830 0081,обычный
692,Вишнякова Пелагея Аскольдовна,ijaantonova@example.org,+7 (304) 166-2411,обычный
693,Молчанов Павел Адамович,kononovasofija@example.net,+7 (196) 394-56-80,обычный
694,Ратмир Германович Комаров,valerija97@example.com,+76136847488,премиум
695,Соколов Сергей Тимурович,sofija_81@example.com,+7 (906) 375-7914,обычный
696,Борис Богданович Шилов,evfrosinijaknjazeva@example.com,83126978930,обычный
697,Зоя Наумовна Никифорова,georgi_05@example.net,89604387875,обычный
698,Жанна Леонидовна Суворова,sofon2001@example.net,+7 161 620 28 12,премиум
699,Беспалов Викентий Алексеевич,kpopova@example.net,8 (728) 660-4164,обычный
700,Бобылева Ираида Семеновна,juri_59@example.net,+7 (248) 395-89-47,обычный
701,Максимильян Венедиктович Сергеев,ljudmila_2016@example.org,8 622 710 4331,обычный
702,Суханова Антонина Аркадьевна,cheslav1978@example.com,8 (350) 344-6945,премиум
703,Маслова Зоя Федоровна,anastasija_2007@example.org,82134249128,премиум
704,Комиссарова Мария Леоновна,ninel97@example.org,+7 (033) 192-22-70,обычный
705,Антонин Викентьевич Панфилов,paramon2007@example.com,+78138666754,обычный
706,Лариса Станиславовна Федорова,guriblohin@example.net,+72687741865,обычный
707,Князев Михей Фролович,militsa_63@example.net,8 (365) 203-7583,обычный
708,Никифоров Максим Богданович,ippolit_80@example.net,+70476044090,обычный
709,Олимпиада Юльевна Евдокимова,seliverst1979@example.net,8 (105) 092-2216,обычный
710,Варвара Аркадьевна Зуева,veselovaantonina@example.net,+73905529580,обычный
711,Милица Николаевна Дьячкова,golubevaevdokija@example.net,+7 (412) 704-93-86,обычный
712,Дементьев Авдей Ефстафьевич,feliks51@example.com,8 (919) 711-12-12,обычный
713,Ярослав Адамович Комиссаров,agafjarjabova@example.net,8 713 432 4064,премиум
714,Кудрявцев Феофан Жанович,msavelev@example.com,+7 (244) 741-7595,обычный
715,Станимир Филимонович Никонов,aleksandraseliverstova@example.net,8 289 365 43 58,обычный
716,Кононова Ираида Богдановна,faina_1981@example.org,8 (401) 827-27-95,обычный
717,Наркис Александрович Марков,evdokimovmiron@example.org,+7 (675) 512-54-27,обычный
718,Ситникова Акулина Павловна,hristofor2002@example.com,8 734 595 76 40,обычный
719,Елизавета Сергеевна Киселева,xkrasilnikov@example.com,86902824983,обычный
720,Татьяна Валентиновна Титова,apollinari_14@example.org,8 762 702 3244,обычный
721,Фролов Елизар Феодосьевич,vladimirovinnokenti@example.org,8 (507) 251-7863,обычный
722,Марина Рубеновна Крюкова,valerikolesnikov@example.org,8 265 469 6815,премиум
723,Фрол Адрианович Поляков,zhannafomina@example.com,8 809 961 3273,премиум
724,Антонов Платон Бенедиктович,nestor_26@example.org,+74670462268,обычный
725,Октябрина Артемовна Коновалова,lapinonufri@example.org,+7 (529) 867-07-66,премиум
726,Клавдия Олеговна Осипова,eliseevradim@example.net,8 758 512 6861,премиум
727,Ширяев Харлампий Дорофеевич,sofonavdeev@example.net,8 (607) 401-77-50,обычный
728,Маргарита Ждановна Родионова,evdokija_40@example.net,+72456075409,обычный
729,Гурьев Анатолий Тихонович,demidmihalov@example.net,+7 227 645 79 38,обычный
730,Волкова Анжела Леонидовна,andre_29@example.net,+7 681 546 60 24,обычный
731,Кононова Анжелика Оскаровна,evseevevdokim@example.net,+74988305973,обычный
732,Нина Игоревна Дементьева,irinaovchinnikova@example.net,+7 962 440 6306,обычный
733,Егорова Ираида Рубеновна,valeri_33@example.org,8 319 497 9695,премиум
734,Мухина Тамара Андреевна,matve_55@example.com,+7 (773) 826-46-09,обычный
735,Пелагея Федоровна Коновалова,nikitintaras@example.com,+74577029929,обычный
736,Петр Фёдорович Фадеев,sitnikovaija@example.net,8 (368) 269-11-63,обычный
737,Макаров Филимон Ермолаевич,galinakomissarova@example.net,8 865 369 45 51,обычный
738,Зимина Лариса Сергеевна,tverdislav_1992@example.com,8 (747) 226-40-85,обычный
739,Дарья Болеславовна Блинова,alitkina@example.com,+7 (093) 299-8199,обычный
740,Блохина Акулина Леонидовна,guriermakov@example.net,8 (150) 968-83-27,обычный
741,Изяслав Всеволодович Воронов,ljubomirtitov@example.com,+7 039 773 97 32,обычный
742,Прасковья Вадимовна Брагина,gorde_37@example.net,+7 006 876 16 48,премиум
743,Носов Эрнст Адрианович,svetozar2016@example.org,+76056876112,обычный
744,Фаина Вадимовна Молчанова,majatihonova@example.net,8 237 341 5177,обычный
745,Иванна Львовна Анисимова,maksimiljan2014@example.net,+79490228403,обычный
746,Татьяна Михайловна Кулакова,leon29@example.net,+77742229464,премиум
747,Новикова Екатерина Харитоновна,gedeon90@example.com,8 886 792 5298,премиум
748,Мстислав Матвеевич Князев,anzhelika1979@example.net,8 (276) 015-34-33,обычный
749,Кошелев Виссарион Герасимович,sigizmund_79@example.net,+7 833 506 1581,обычный
750,Творимир Артурович Лыткин,tretjakovatatjana@example.net,+7 (342) 337-2094,обычный
751,Тарасова Евдокия Афанасьевна,reginaantonova@example.org,+7 (339) 977-1805,обычный
752,Анжела Геннадьевна Архипова,zuevboris@example.com,+7 (189) 397-4909,премиум
753,Вениамин Феофанович Гуляев,haritonkonstantinov@example.net,87046947258,обычный
754,Кондратий Ефимович Белоусов,ipat_1989@example.net,8 (847) 127-0587,обычный
755,г-н Голубев Пимен Ефимьевич,strelkovprov@example.com,8 (231) 334-8458,премиум
756,Ладимир Глебович Дроздов,lidijajakovleva@example.org,8 229 258 79 64,обычный
757,Белоусов Савва Ефимьевич,galaktion_45@example.net,8 574 696 6060,обычный
758,Людмила Валентиновна Турова,tamara1985@example.net,+7 (344) 505-6658,обычный
759,Медведева Екатерина Яковлевна,potap_2018@example.org,+7 325 797 06 73,обычный
760,Эрнст Матвеевич Семенов,pavlovmefodi@example.com,8 (574) 172-1562,обычный
761,Феврония Кузьминична Дроздова,feliksbeljaev@example.com,+7 (598) 488-4021,обычный
762,Лариса Михайловна Лихачева,olga2019@example.org,8 737 553 4490,обычный
763,Носков Остап Федотович,fkalashnikova@example.org,8 (085) 096-0858,обычный
764,тов. Калашников Артем Артемьевич,turovfedosi@example.org,8 (281) 979-3164,обычный
765,Георгий Игнатович Богданов,uljanashirjaeva@example.com,8 (606) 940-9600,обычный
766,Котов Георгий Дорофеевич,fotimuravev@example.com,8 (739) 592-3234,премиум
767,Козлов Творимир Анатольевич,sofijashestakova@example.org,8 533 342 6433,обычный
768,Алевтина Валентиновна Шашкова,vladilen2017@example.com,+7 736 077 6336,обычный
769,Ильина Анна Вячеславовна,foka_2010@example.org,+7 (317) 955-63-31,обычный
770,Майя Романовна Сидорова,veniamin_2023@example.org,+7 666 155 4164,премиум
771,Филатов Борислав Терентьевич,agge2023@example.com,8 023 290 2822,обычный
772,Фадеева Александра Аркадьевна,kuprijandavidov@example.net,8 262 282 25 12,обычный
773,Ершов Лев Трофимович,kapiton_95@example.org,+7 507 026 0869,обычный
774,Романова Галина Болеславовна,shestakovaelena@example.org,8 117 768 72 90,обычный
775,Рюрик Дмитриевич Гусев,varvara_85@example.net,+7 779 323 82 23,обычный
776,Кононова Антонина Ниловна,juri13@example.org,+72457988942,обычный
777,Мстислав Виленович Савин,dementevamarija@example.net,+7 320 203 2650,премиум
778,Трофимова Любовь Георгиевна,nlihachev@example.com,84871485524,премиум
779,Севастьян Филиппович Нестеров,agafonovmefodi@example.net,+71560821371,обычный
780,Кулаков Лавр Валерьянович,leon_76@example.net,+7 826 832 30 35,обычный
781,Гуляева Виктория Феликсовна,stanislav_1972@example.net,8 838 252 1293,премиум
782,Виктория Тимофеевна Фокина,mgrishina@example.com,+7 646 867 7524,обычный
783,Максимов Федор Ефстафьевич,julikirillov@example.org,+7 622 723 6266,обычный
784,Крылова Любовь Анатольевна,kirillkudrjavtsev@example.com,+7 923 724 50 18,обычный
785,Варфоломей Харитонович Жуков,lavrenti2016@example.net,87215406417,обычный
786,Давыд Чеславович Мишин,zinovi81@example.org,89537660144,премиум
787,Раиса Леоновна Гаврилова,mir10@example.org,8 (397) 396-41-78,премиум
788,Воронцова Марина Юльевна,galina_1991@example.net,+7 919 113 59 96,обычный
789,Алина Макаровна Юдина,rodion2002@example.net,+7 660 392 0514,обычный
790,Алевтина Робертовна Якушева,miron55@example.org,+77057423885,обычный
791,Ситникова Любовь Вячеславовна,bronislav1988@example.net,8 (354) 116-5972,премиум
792,Евпраксия Захаровна Гордеева,mili1989@example.com,8 225 013 9488,обычный
793,Федот Вячеславович Афанасьев,lazarevvadim@example.org,86425856261,премиум
794,Кира Юрьевна Ермакова,markovzinovi@example.com,+7 382 407 3333,премиум
795,Ермолай Виленович Попов,ilja09@example.com,8 (688) 936-28-96,обычный
796,Белозерова Мария Захаровна,kallistrat_65@example.com,+7 (585) 125-3892,обычный
797,Фомичев Сильвестр Харламович,longin_1975@example.net,+7 (583) 749-0797,обычный
798,тов. Голубев Данила Адамович,prohor_2001@example.org,8 721 514 9409,премиум
799,г-н Афанасьев Ермолай Филимонович,timofe45@example.org,88628950905,обычный
800,Носова Анжела Юрьевна,lobanovostromir@example.net,+7 (339) 220-71-51,премиум
801,Маслов Филипп Терентьевич,sfadeev@example.com,+7 (521) 452-64-71,обычный
802,Власов Евстигней Давыдович,anzhelika_15@example.com,+7 840 908 05 12,обычный
803,Лобанов Агап Абрамович,nestor_40@example.net,85123972835,обычный
804,Федосеев Герман Марсович,ninelkrjukova@example.org,8 (270) 908-1441,премиум
805,Дмитрий Ярославович Сергеев,chernovevdokim@example.net,+7 (957) 867-18-15,обычный
806,Вячеслав Демидович Кондратьев,evgeni2014@example.org,8 079 181 5899,обычный
807,Галкина Марфа Тимофеевна,kondratmarkov@example.org,8 (346) 666-17-07,обычный
808,Шилов Святополк Терентьевич,serge40@example.net,+7 314 998 2508,обычный
809,Меркушев Лазарь Теймуразович,milovansilin@example.net,+7 688 285 0317,обычный
810,Елена Кузьминична Богданова,serafimershov@example.net,80063140352,обычный
811,Елизавета Максимовна Фомичева,jbeljaev@example.org,83946943460,обычный
812,Остромир Матвеевич Матвеев,sevastjanmaksimov@example.net,+7 607 231 1127,обычный
813,Беляков Макар Владленович,ekaterina64@example.net,+74941163187,обычный
814,Михеев Анатолий Харитонович,velimir1976@example.org,8 211 369 57 27,обычный
815,Волкова Прасковья Георгиевна,lukjansolovev@example.net,+7 254 257 3066,обычный
816,Калинин Силантий Арсенович,dobroslavisaev@example.org,8 707 139 8482,обычный
817,Силин Лукьян Антонович,ziminartemi@example.com,8 (809) 255-0213,обычный
818,Смирнов Феоктист Антонович,kshilova@example.org,+7 (098) 107-9649,обычный
819,Изот Эдгардович Костин,mechislav77@example.org,8 (853) 242-64-25,обычный
820,Горбунова Клавдия Вениаминовна,ribakovanadezhda@example.net,8 (362) 536-6677,обычный
821,Никанор Фомич Громов,ljubosmisl_62@example.net,8 (333) 393-9578,премиум
822,Надежда Максимовна Носкова,ermil62@example.com,+7 874 960 33 58,обычный
823,Мария Семеновна Горбунова,ninelkozlova@example.net,+7 (692) 492-6932,обычный
824,Руслан Демьянович Беспалов,pelagejaveselova@example.net,88011100051,премиум
825,Мир Германович Кононов,ekaterinatimofeeva@example.org,8 959 775 2441,премиум
826,Галина Владиславовна Сорокина,ifrolov@example.net,8 288 743 12 71,обычный
827,Вера Мироновна Мухина,kpestov@example.org,85799270795,обычный
828,Анжелика Максимовна Виноградова,veraefremova@example.com,8 213 541 59 70,обычный
829,Капустина Наина Викторовна,ippolit_38@example.com,8 (075) 203-4476,обычный
830,Ким Фокич Прохоров,mironovustin@example.org,+7 (909) 046-37-66,премиум
831,Муравьев Касьян Матвеевич,mihe_86@example.com,8 254 837 4417,премиум
832,Анжелика Кузьминична Самойлова,vikenti_1971@example.org,+7 312 512 93 11,обычный
833,Попов Матвей Артёмович,fainaisaeva@example.com,8 191 023 1211,обычный
834,Вишняков Игорь Глебович,terentevaanzhelika@example.com,8 837 379 2749,обычный
835,Анастасия Павловна Герасимова,averjan_1974@example.org,+72893113253,обычный
836,Калашников Христофор Ерофеевич,opetrova@example.com,+7 (645) 380-4421,обычный
837,Горшков Мечислав Ануфриевич,rjakovlev@example.net,8 (015) 959-19-45,обычный
838,Самуил Исидорович Чернов,sofija75@example.net,+7 (392) 056-7756,обычный
839,Ростислав Филимонович Степанов,marijagavrilova@example.org,+7 (562) 650-62-29,обычный
840,Екатерина Болеславовна Соколова,jfokin@example.com,8 307 624 8433,премиум
841,Сигизмунд Феликсович Кудряшов,pelagejalitkina@example.net,+7 511 579 4238,обычный
842,Екатерина Николаевна Емельянова,pestovaksenija@example.net,+7 (549) 691-92-84,обычный
843,Мстислав Валерьянович Фомин,arseni1971@example.com,8 335 357 48 59,обычный
844,Евдокия Владимировна Меркушева,julija_93@example.net,89337970581,премиум
845,Гедеон Захарьевич Федоров,seliverst_1996@example.net,+71763425073,премиум
846,Смирнов Макар Ильясович,feliks1978@example.com,8 759 833 9914,премиум
847,Зиновьева Евдокия Станиславовна,kondrat_1984@example.com,8 044 324 00 61,обычный
848,Гедеон Филатович Исаев,kkuzmina@example.net,8 (514) 743-97-42,обычный
849,Маркова Акулина Васильевна,bespalovalidija@example.net,8 (525) 680-65-62,обычный
850,Ананий Еремеевич Марков,doroninaraisa@example.org,+7 (711) 221-82-31,обычный
851,Людмила Львовна Федорова,wzimin@example.org,8 (680) 866-28-13,премиум
852,Виктор Дорофеевич Данилов,apollonjudin@example.net,8 (003) 700-3322,обычный
853,Маркова Мария Никифоровна,panfilovakira@example.com,+7 681 039 0339,обычный
854,тов. Филатов Болеслав Исидорович,grigori_1992@example.org,8 (094) 485-8623,обычный
855,Зоя Леоновна Лазарева,kazimir_61@example.net,+77079863210,премиум
856,Вацлав Гертрудович Медведев,zoja39@example.com,8 703 943 8040,премиум
857,Королев Мариан Гертрудович,margarita1991@example.com,8 (692) 778-94-31,обычный
858,Доронина Агата Алексеевна,gordeevaagafja@example.com,+7 476 921 0533,обычный
859,Маргарита Анатольевна Матвеева,bsuhanova@example.com,+7 142 473 1072,обычный
860,Беляев Измаил Филиппович,kim_1985@example.net,87123166007,обычный
861,Рубен Фадеевич Захаров,ignatevaalina@example.net,+7 447 340 43 37,премиум
862,Алина Феликсовна Щукина,sbaranova@example.com,+7 (045) 195-7782,обычный
863,Мокей Виленович Марков,orest_29@example.com,8 754 278 6561,обычный
864,Доронина Вера Леоновна,anzhela_77@example.net,+7 (058) 295-82-92,премиум
865,Евфросиния Никифоровна Федорова,hsharova@example.net,8 (081) 904-8235,обычный
866,Любосмысл Марсович Хохлов,qvinogradova@example.com,+7 (956) 137-2308,обычный
867,Полина Вениаминовна Фомичева,shubinlev@example.org,8 438 130 00 41,обычный
868,Шарапов Аскольд Арсеньевич,radislav16@example.com,8 094 565 34 69,обычный
869,Архипова Эмилия Эдуардовна,larionovapelageja@example.org,8 (550) 476-81-69,обычный
870,Шестакова Пелагея Алексеевна,fvorobev@example.org,8 (481) 131-76-53,обычный
871,Воронова Александра Леонидовна,ustin73@example.net,8 102 908 71 82,обычный
872,Феофан Терентьевич Брагин,valentina_2010@example.com,81872742049,обычный
873,Венедикт Витальевич Меркушев,lazarevsvetozar@example.com,+7 (062) 604-2359,обычный
874,Елизавета Павловна Константинова,komarovgrigori@example.org,+7 (990) 775-60-85,обычный
875,Киселева Наина Руслановна,matveevanina@example.net,8 111 457 68 32,премиум
876,Сорокин Боян Гаврилович,prokofiprohorov@example.net,8 847 129 6180,обычный
877,Куликов Ладимир Венедиктович,xlebedev@example.org,8 (018) 498-0425,обычный
878,Ольга Даниловна Пономарева,samson1997@example.org,+7 (688) 122-82-17,премиум
879,Богданова Татьяна Викторовна,jaroslavsitnikov@example.com,8 346 060 5603,обычный
880,Тетерина Маргарита Никифоровна,ernst2017@example.org,+7 (798) 623-98-47,обычный
881,Нина Эльдаровна Новикова,jtitov@example.org,+7 (054) 647-54-89,обычный
882,Леон Харитонович Панфилов,nikandr2012@example.net,88999275175,обычный
883,Горбачева Ангелина Ждановна,kasjan49@example.net,+7 (553) 935-4358,обычный
884,Матвеева Иванна Эльдаровна,qdenisova@example.org,82435885379,премиум
885,Ковалева Кира Ефимовна,emmanuilvishnjakov@example.net,8 275 367 4978,премиум
886,Ираклий Артёмович Максимов,merkushevnazar@example.net,8 013 477 89 48,обычный
887,Лазарева Ираида Альбертовна,fmatveeva@example.net,+7 766 512 21 50,обычный
888,Виноградов Клавдий Борисович,terenti_1985@example.org,8 309 001 59 44,обычный
889,Игнатий Гурьевич Орехов,ustin53@example.org,+7 895 326 3890,обычный
890,Анна Филипповна Гришина,svjatoslav11@example.org,8 337 922 34 10,обычный
891,Тимофеев Платон Теймуразович,ermil1983@example.org,8 772 696 08 43,обычный
892,Пелагея Оскаровна Вишнякова,mefodi_1988@example.com,8 (967) 935-2196,обычный
893,Маслов Емельян Григорьевич,milovan_64@example.org,+73697093170,обычный
894,Мечислав Иосипович Щербаков,emeljanovanina@example.net,8 (616) 453-45-47,премиум
895,Поляков Фотий Ярославович,evse_2017@example.com,8 031 219 8041,обычный
896,Сидорова Нонна Владиславовна,vjacheslav64@example.org,+7 (642) 813-1909,обычный
897,Шарова Дарья Ильинична,rjurik_2023@example.org,+7 (039) 111-4281,обычный
898,Таисия Максимовна Владимирова,viktorijalukina@example.org,+7 (052) 480-8806,обычный
899,Васильев Рюрик Витальевич,zhannasamolova@example.net,8 947 372 1329,обычный
900,Ангелина Мироновна Кузьмина,dmitrievaoksana@example.net,8 (688) 687-85-99,обычный
901,Дементьева Милица Ждановна,orest_1979@example.com,+7 (031) 954-19-66,премиум
902,Мстислав Адрианович Веселов,evstafi2012@example.org,8 279 246 32 03,обычный
903,Зоя Рудольфовна Власова,lukija1996@example.org,8 (260) 321-45-05,премиум
904,Никандр Феликсович Воробьев,mina88@example.com,+7 715 534 8201,обычный
905,Кулаков Феликс Егорович,kozlovaraisa@example.org,8 (507) 659-7595,обычный
906,Антонин Ярославович Логинов,doroninporfiri@example.com,8 808 981 26 57,обычный
907,Калашникова Ираида Вениаминовна,evpraksijatarasova@example.net,8 463 004 02 36,обычный
908,Аксенова Виктория Олеговна,ferapont_1984@example.org,+7 120 471 3727,обычный
909,Агафонов Родион Измаилович,rjurik_49@example.net,8 (558) 298-4933,обычный
910,Нина Романовна Дорофеева,simon_47@example.net,8 094 412 83 33,обычный
911,Герасим Бориславович Игнатов,silanti_1990@example.net,8 695 413 29 71,обычный
912,Анастасия Оскаровна Маслова,atimofeev@example.com,+7 551 437 7693,премиум
913,Измаил Ермилович Николаев,lukijajakovleva@example.net,8 961 111 0286,обычный
914,г-н Колобов Георгий Антипович,voronovadarja@example.org,+7 (455) 910-24-51,обычный
915,Логинов Борис Анатольевич,birjukovaevdokija@example.org,8 714 949 81 94,обычный
916,Суворов Эрнст Дорофеевич,raisabelova@example.com,83406527758,обычный
917,Олег Федосеевич Константинов,leonidharitonov@example.com,+7 (372) 201-0912,обычный
918,Третьяков Владлен Вилорович,bobrovmarian@example.net,8 937 661 8943,обычный
919,Александра Михайловна Яковлева,wblinov@example.org,+7 046 277 6572,обычный
920,Наталья Кузьминична Кондратьева,agatabespalova@example.org,+76175202389,обычный
921,тов. Буров Егор Гавриилович,xvorobev@example.org,8 595 501 7833,обычный
922,Федосеев Силантий Елизарович,nikifor_2020@example.net,89360798487,премиум
923,Миронов Адам Устинович,muhinpankrati@example.com,89359374403,обычный
924,Савина Зоя Никифоровна,averki83@example.org,+7 (736) 060-1488,премиум
925,Акулина Сергеевна Беспалова,tatjana90@example.com,83884136852,обычный
926,Медведева Агафья Олеговна,suhanovinnokenti@example.com,+7 124 244 6263,обычный
927,Денисова Антонина Ильинична,tit81@example.org,+7 (103) 142-17-51,обычный
928,Щукина Синклитикия Рубеновна,vitali_1997@example.net,+71515263840,обычный
929,Юлия Богдановна Голубева,veronikaaleksandrova@example.org,8 (837) 505-6618,обычный
930,Милица Даниловна Сергеева,jakubkabanov@example.com,81378765530,обычный
931,Пономарев Авдей Ильич,haritonovamargarita@example.net,8 605 712 1988,обычный
932,Феврония Валентиновна Мухина,fade2026@example.net,8 190 534 8640,обычный
933,Анастасия Кузьминична Харитонова,ivannaavdeeva@example.com,+7 (456) 185-17-44,обычный
934,Александр Еремеевич Большаков,annabespalova@example.org,8 (991) 511-4551,обычный
935,Соболев Фортунат Артурович,antipegorov@example.com,8 (818) 984-8416,обычный
936,Алина Константиновна Русакова,qgerasimov@example.com,+70211901707,премиум
937,Милица Тимофеевна Киселева,gorde98@example.org,+7 522 910 73 22,обычный
938,Бирюкова Раиса Егоровна,rkuznetsov@example.net,+79378306396,премиум
939,Лобанов Кузьма Изотович,militsaturova@example.net,8 944 391 64 97,премиум
940,Андреев Онуфрий Геннадиевич,zoja29@example.org,81320330162,обычный
941,Ирина Вадимовна Игнатьева,kulaginaevfrosinija@example.net,+7 061 537 22 15,премиум
942,Остап Матвеевич Прохоров,ekaterina_1985@example.net,+7 (236) 533-7746,обычный
943,Смирнов Пимен Фомич,anastasijasharova@example.org,8 (843) 614-24-42,премиум
944,Агафон Харламович Устинов,artemi_2003@example.com,+73734764273,обычный
945,Всеволод Аверьянович Гуляев,svjatoslavblinov@example.org,8 (821) 458-4148,обычный
946,Милица Архиповна Голубева,zhuravlevkondrat@example.com,+7 (899) 827-8020,обычный
947,Фадей Федосеевич Ермаков,avgust_73@example.org,+7 464 493 69 99,премиум
948,Натан Харитонович Ефремов,innokentibolshakov@example.org,8 573 857 3680,обычный
949,Орлова Татьяна Валентиновна,ostapknjazev@example.org,+7 (768) 118-7233,премиум
950,Белов Анатолий Дмитриевич,rusakovafevronija@example.com,+7 497 315 39 11,премиум
951,Фёкла Тарасовна Дементьева,anikemuhin@example.net,+78207365118,обычный
952,Стрелкова Ульяна Игоревна,kotovaljubov@example.com,8 (820) 190-43-22,премиум
953,Соловьев Денис Герасимович,evstafititov@example.com,8 (073) 920-13-54,премиум
954,Нина Владиславовна Пахомова,shchukingorde@example.com,8 025 082 61 12,премиум
955,Степанов Павел Борисович,sribakov@example.org,+78889957298,обычный
956,Рябова Нонна Олеговна,emilijadjachkova@example.com,+75493036468,обычный
957,Будимир Валентинович Евсеев,alladanilova@example.net,8 (187) 692-0828,обычный
958,Василиса Егоровна Бурова,panfilovaeleonora@example.net,+7 388 158 81 44,обычный
959,Всемил Вячеславович Соловьев,nivanova@example.org,+7 (182) 971-6815,обычный
960,Кирилл Игоревич Новиков,fadeevaagafja@example.org,+7 015 291 1371,обычный
961,Тимофей Марсович Павлов,molchanovaviktorija@example.com,8 618 444 2182,обычный
962,Игнатьева София Романовна,seliverst81@example.org,+7 (489) 056-70-86,обычный
963,Аникей Анисимович Смирнов,innokenti65@example.net,8 158 482 6691,премиум
964,Алексеев Карп Яковлевич,ljubimfomin@example.net,+7 542 960 8070,премиум
965,Иларион Фадеевич Елисеев,rodion_2004@example.org,88221040164,обычный
966,Варвара Федоровна Фомичева,nonna_1970@example.net,+72877383638,обычный
967,Власова Ираида Ефимовна,angelinabaranova@example.net,8 942 894 64 20,обычный
968,Гаврилов Владислав Исидорович,petr_1982@example.com,+71706462554,премиум
969,Алина Геннадиевна Маслова,modestaleksandrov@example.net,+7 (430) 176-46-44,обычный
970,Кондратьева Светлана Сергеевна,mamontovaelena@example.net,+7 538 882 45 27,премиум
971,Игнатова Анастасия Львовна,kalininaanastasija@example.com,+7 (333) 538-4951,обычный
972,Ефрем Викторович Константинов,tarasovvalentin@example.net,87871809339,обычный
973,Ларионов Евстафий Эдгарович,vsevolodmaslov@example.net,8 306 011 9875,премиум
974,г-жа Суворова Прасковья Наумовна,margarita_2018@example.org,+7 230 091 5618,премиум
975,Кириллов Станислав Авдеевич,narkismironov@example.com,8 (449) 160-93-65,обычный
976,Коновалова Вера Аркадьевна,nikiforovernest@example.org,+7 894 184 33 68,обычный
977,Александр Викентьевич Симонов,kkolesnikov@example.net,+7 (399) 821-37-45,обычный
978,Бажен Бенедиктович Сидоров,ignatovakira@example.org,8 (860) 505-3766,премиум
979,Аникита Ярославович Шубин,andreevvladimir@example.com,+7 030 835 6691,обычный
980,Алевтина Натановна Степанова,afanasi1988@example.net,+7 (123) 455-0688,обычный
981,Дроздов Велимир Чеславович,paramon2013@example.net,+7 (938) 440-13-48,обычный
982,Лобанов Прохор Георгиевич,lavrenti_37@example.net,8 (826) 033-5910,премиум
983,Фомин Радислав Аверьянович,seleznevamargarita@example.net,81449207492,обычный
984,Эммануил Федосеевич Комиссаров,xfadeeva@example.net,+78997184285,обычный
985,Кабанова Татьяна Ефимовна,loravorontsova@example.org,+70849932312,обычный
986,Елена Кирилловна Гуляева,ninamaslova@example.net,8 (069) 087-2617,обычный
987,Алевтина Павловна Захарова,leonidshilov@example.net,+7 (893) 595-3828,премиум
988,Ия Александровна Самсонова,orest_12@example.net,89650826958,обычный
989,Кудряшова Ираида Богдановна,naum_2002@example.com,8 130 876 12 38,обычный
990,Мартын Валерианович Максимов,karlvlasov@example.net,+7 (394) 840-02-73,обычный
991,Харитонов Софон Феодосьевич,ydjachkova@example.org,+7 168 311 3950,обычный
992,Голубев Назар Антонович,boleslav49@example.org,8 076 283 9762,обычный
993,Фомин Ефим Елисеевич,agge77@example.com,84620726629,обычный
994,Соколов Федор Бенедиктович,marfa2005@example.com,8 029 914 06 88,обычный
995,Евлампий Герасимович Медведев,ignati1975@example.org,8 523 561 7817,премиум
996,Якушев Григорий Бориславович,eliseevgremislav@example.org,8 136 385 27 78,обычный
997,Коновалова Марина Васильевна,erofetretjakov@example.org,8 (444) 902-9502,обычный
998,Кира Степановна Соловьева,gorbunovkirill@example.com,+7 373 416 7812,обычный
999,Полина Степановна Романова,anzhelapopova@example.org,+7 798 213 48 62,премиум
1000,Александрова Пелагея Юльевна,igor2012@example.org,8 (318) 285-6053,премиум
